id;nom;numero_telephone;email
1;reciprocal withdrawal;synthesize compressing;Hildebert_Aubert41@yahoo.fr
2;disintermediate plug-and-play envisioneer;Coordinateur world-class Adaptive;Franois70@yahoo.fr
3;Gorgeous c;Avon neural content;Abeline89@yahoo.fr
4;a quantify uniform;e-markets a;Arnaude.Roche69@gmail.com
5;multi-byte Mouse Sainte-Lucie;Ergonomic Avon;Solange.Durand90@hotmail.fr
6;Multi-layered Hryvnia;orange;Justine.Perez@hotmail.fr
7;haptic;de;Quentin22@hotmail.fr
8;bandwidth Rh√¥ne-Alpes;overriding migration Plastic;Acanthe.Garnier94@gmail.com
9;Fantastic;analyzing;Marie_Dupuy@gmail.com
10;Avon reboot;withdrawal Wooden;Tonnin_Sanchez86@hotmail.fr
